id,type,category,name,translation,file
-1,RANGE,EXTENDED,100,,100_1.ogg
-1,RANGE,EXTENDED,1000,,1000_1.ogg
-1,RANGE,EXTENDED,120,,120_1.ogg
-1,RANGE,EXTENDED,140,,140_1.ogg
-1,RANGE,EXTENDED,150,,150_1.ogg
-1,RANGE,EXTENDED,160,,160_1.ogg
-1,RANGE,EXTENDED,180,,180_1.ogg
-1,RANGE,EXTENDED,200,,200_1.ogg
-1,RANGE,EXTENDED,250,,250_1.ogg
-1,RANGE,EXTENDED,30,,30_1.ogg
-1,RANGE,EXTENDED,300,,300_1.ogg
-1,RANGE,EXTENDED,350,,350_1.ogg
-1,RANGE,EXTENDED,40,,40_1.ogg
-1,RANGE,EXTENDED,400,,400_1.ogg
-1,RANGE,EXTENDED,450,,450_1.ogg
-1,RANGE,EXTENDED,50,,50_1.ogg
-1,RANGE,EXTENDED,500,,500_1.ogg
-1,RANGE,EXTENDED,60,,60_1.ogg
-1,RANGE,EXTENDED,600,,600_1.ogg
-1,RANGE,EXTENDED,70,,70_1.ogg
-1,RANGE,EXTENDED,700,,700_1.ogg
-1,RANGE,EXTENDED,80,,80_1.ogg
-1,RANGE,EXTENDED,800,,800_1.ogg
-1,RANGE,EXTENDED,900,,900_1.ogg
-1,PACENOTE,LINKS,AND,And,and1.ogg
-1,PACENOTE,LINKS,CALLOUT_ADJUST,Callout Adjust,
-1,PACENOTE,LINKS,CALLOUT_DISTANCE,Callout Distance,
-1,PACENOTE,LINKS,CALLOUT_TIME,Callout Time,
-1,PACENOTE,CAUTIONS,CAUTION_WATER,Caution Water,caution_water1.ogg
-1,PACENOTE,MODIFIER,CUT,Cut,cut1.ogg
-1,PACENOTE,LINKS,DISTANCE_CALL,Distance Call,
-1,PACENOTE,MODIFIER,DONTCUT,Don't Cut,dontcut1.ogg
-1,PACENOTE,LINKS,EMPTY_CALL,Empty Call,
-1,PACENOTE,LINKS,INTO,Into,into1.ogg
-1,PACENOTE,MODIFIER,LONG,Long,long1.ogg
-1,PACENOTE,MODIFIER,MAYBE,Maybe,maybe1.ogg
-1,PACENOTE,MODIFIER,NARROWS,Narrows,narrows1.ogg
-1,PACENOTE,LINKS,ONTO,Onto,onto1.ogg
-1,PACENOTE,LINKS,PLACE_HOLDER,Placeholder,
-1,PACENOTE,MODIFIER,SOUND_FILE,Sound File,
-1,PACENOTE,LINKS,SOUND_INDEX,Sound Index,
-1,PACENOTE,MODIFIER,STANDARD_CALL,Standard Call,
-1,PACENOTE,MODIFIER,TIGHTENS,Tightens,tightens1.ogg
-1,PACENOTE,MODIFIER,TIGHTENSBAD,Double Tightens,doubletightens1.ogg
-1,PACENOTE,MODIFIER,WIDEOUT,Wide Out,wideout1.ogg
0,PACENOTE,CORNERS,HAIRPINLEFT,Hairpin Left,hp_left1.ogg
1,PACENOTE,CORNERS,90_LEFT,90 Left,two_left1.ogg
2,PACENOTE,CORNERS,KLEFT,K Left,three_left1.ogg
3,PACENOTE,CORNERS,MEDIUMLEFT,Medium Left,four_left1.ogg
4,PACENOTE,CORNERS,FASTLEFT,Fast Left,five_left1.ogg
5,PACENOTE,CORNERS,EASYLEFT,Easy Left,six_left1.ogg
6,PACENOTE,CORNERS,EASYRIGHT,Easy Right,six_right1.ogg
7,PACENOTE,CORNERS,FASTRIGHT,Fast Right,five_right1.ogg
8,PACENOTE,CORNERS,MEDIUMRIGHT,Medium Right,four_right1.ogg
9,PACENOTE,CORNERS,KRIGHT,K Right,three_right1.ogg
10,PACENOTE,CORNERS,90_RIGHT,90 Right,two_right1.ogg
11,PACENOTE,CORNERS,HAIRPINRIGHT,Hairpin Right,hp_right1.ogg
12,PACENOTE,LINE,TWISTY,Twisty,twisty1.ogg
14,PACENOTE,ADDITIONAL,NARROWS,Narrows,narrows1.ogg
15,PACENOTE,ADDITIONAL,WIDEOUT,Wide Out,wideout1.ogg
16,PACENOTE,OBSTACLES,OVERCREST,Over Crest,over_crest1.ogg
17,PACENOTE,OBSTACLES,FORD,Ford,water1.ogg
18,PACENOTE,CAUTIONS,CARE,Care,care1.ogg
19,PACENOTE,OBSTACLES,BUMP,Bump,bump1.ogg
20,PACENOTE,OBSTACLES,JUMP,Jump,jump1.ogg
22,PACENOTE,LINKS,FINISH,Finish,finish1.ogg
25,PACENOTE,CORNERS,FLATRIGHT,Flat Right,flat_right1.ogg
26,PACENOTE,CORNERS,FLATLEFT,Flat Left,flat_left1.ogg
27,PACENOTE,OBSTACLES,BRIDGE,Bridge,bridge1.ogg
28,PACENOTE,LINE,GOSTRAIGHT,Go Straight,go_straight1.ogg
29,PACENOTE,LINE,KEEPRIGHT,Keep Right,keep_right1.ogg
30,PACENOTE,LINE,KEEPLEFT,Keep Left,keep_left1.ogg
31,PACENOTE,LINE,KEEPMIDDLE,Keep Middle,keep_middle1.ogg
32,PACENOTE,CAUTIONS,CAUTION,Caution,caution1.ogg
102,PACENOTE,CORNERS,TWO_LEFT,1 Left,one_left1.ogg
112,PACENOTE,CORNERS,TWO_RIGHT,1 Right,one_right1.ogg
120,PACENOTE,CORNERS,LEFT,Left,left1.ogg
121,PACENOTE,CORNERS,RIGHT,Right,right1.ogg
122,PACENOTE,CORNERS,NIU_RIGHT_INTO,,right1.ogg
123,PACENOTE,CORNERS,NIU_LEFT_INTO,,left1.ogg
124,PACENOTE,CORNERS,RIGHT_LEFT,Right-Left,right_left1.ogg
125,PACENOTE,CORNERS,LEFT_RIGHT,Left-Right,left_right1.ogg
126,PACENOTE,CORNERS,RIGHT_AROUND,Right Around,right_around1.ogg
127,PACENOTE,CORNERS,LEFT_AROUND,Left Around,left_around1.ogg
149,PACENOTE,LINKS,10,10,10_1.ogg
150,PACENOTE,LINKS,20,20,20_1.ogg
200,PACENOTE,OBSTACLES,OVER_BRIDGE,Over Bridge,over_bridge1.ogg
201,PACENOTE,OBSTACLES,NIU_OVER_RAILS,Raiteet (NIU),rails1.ogg
202,PACENOTE,OBSTACLES,NIU_OVER_RAILWAY,Raiteet (NIU),rails1.ogg
211,PACENOTE,LINE,NIU_DEEPCUT,Ahne (NIU),full_cut1.ogg
212,PACENOTE,LINE,FULLCUT,Full Cut,full_cut1.ogg
213,PACENOTE,LINE,NA_KEEP_CENTRE,Keskelt√§ (N/A),keep_middle1.ogg
215,PACENOTE,DRIVING,GO_FULL,Go,go1.ogg
216,PACENOTE,ADDITIONAL,FLATOUT,Flat,flat1.ogg
217,PACENOTE,CAUTIONS,BRAKE,Brake,brake1.ogg
218,PACENOTE,LINE,LIGHT_CUT,Small Cut,small_cut1.ogg
219,PACENOTE,DRIVING,HANDBRAKE,Handbrake,handbrake1.ogg
220,PACENOTE,LINE,KEEP_IN,Keep In,keep_in1.ogg
221,PACENOTE,LINE,KEEP_OUT,Keep Out,keep_out1.ogg
223,PACENOTE,LINE,CLIP,Clip,clip1.ogg
230,PACENOTE,ADDITIONAL,MINUS,Minus,minus1.ogg
231,PACENOTE,ADDITIONAL,NA_MINUSMINUS,Miius Minus (N/A),minusminus.ogg
232,PACENOTE,ADDITIONAL,PLUS,Plus,plus1.ogg
233,PACENOTE,ADDITIONAL,NA_PLUSPLUS,Plus Plus (N/A),plusplus.ogg
234,PACENOTE,LINE,EARLY,Early,early1.ogg
235,PACENOTE,LINE,LATE,Late,late1.ogg
236,PACENOTE,ADDITIONAL,EASY,Easy,easy1.ogg
237,PACENOTE,ADJECTIVES,NA_MUCH,Much (N/A),much.ogg
238,PACENOTE,ADJECTIVES,NA_MANY,Many (N/A),many.ogg
239,PACENOTE,ADJECTIVES,NA_VERY,Very (N/A),very.ogg
240,PACENOTE,ADDITIONAL,HARD,Hard,hard1.ogg
241,PACENOTE,ADDITIONAL,FAST,Fast,fast1.ogg
242,PACENOTE,ADDITIONAL,SLOW,Slow,slow1.ogg
243,PACENOTE,ADJECTIVES,NA_EXACT,Exact (N/A),exact.ogg
243,PACENOTE,CAUTIONS,NIU_EXACT,Precise (NIU),precise1.ogg
244,PACENOTE,DRIVING,SLOWING,Slowing,slowing1.ogg
245,PACENOTE,ADJECTIVES,NA_DIRECTLY,Directly (N/A),directly.ogg
246,PACENOTE,ADJECTIVES,NA_LIGHT,Light (N/A),light.ogg
247,PACENOTE,ADJECTIVES,NA_BIG,Big (N/A),big.ogg
248,PACENOTE,ADJECTIVES,NA_SMALL,Small (N/A),small.ogg
249,PACENOTE,ADDITIONAL,SHARP,Sharp,sharp1.ogg
250,PACENOTE,ADDITIONAL,ROUND,Round,round1.ogg
251,PACENOTE,ADDITIONAL,TIGHT,Tight,tight1.ogg
252,PACENOTE,ADJECTIVES,NA_SLIGHT,Slight (N/A),slight.ogg
253,PACENOTE,ADJECTIVES,NA_GOOD,Good (N/A),good.ogg
254,PACENOTE,ADDITIONAL,BAD,Bad,bad1.ogg
255,PACENOTE,ADDITIONAL,NARROW,Narrow,narrow1.ogg
256,PACENOTE,ADDITIONAL,WIDE,Wide,wide1.ogg
257,PACENOTE,ADJECTIVES,NA_STRAIGHT,Straight (N/A),straight.ogg
260,PACENOTE,ADDITIONAL,UPHILL,Up,up1.ogg
261,PACENOTE,ADDITIONAL,DOWNHILL,Down,down1.ogg
263,PACENOTE,ADDITIONAL,NIU_LONGLONG,Very Long (NIU),verylong1.ogg
264,PACENOTE,ADDITIONAL,SHORT,Short,short1.ogg
265,PACENOTE,ADDITIONAL,NA_SHORTSHORT,Short Short (N/A),shortshort.ogg
266,PACENOTE,LINE,NA_GONARROW,Go Narrow (N/A),gonarrow.ogg
267,PACENOTE,LINE,GOWIDE,Go Wide,go_wide1.ogg
268,PACENOTE,CAUTIONS,SLIPPERY,Slippery,slippy1.ogg
270,PACENOTE,DRIVING,NA_UNDERSTEER,Understeer (N/A),understeer.ogg
271,PACENOTE,DRIVING,SIDEWAYS,Rotate,rotate1.ogg
272,PACENOTE,LINE,HOOK,Hook,hook1.ogg
273,PACENOTE,DRIVING,NA_DRAWS_IN,Draws In (N/A),draws_in.ogg
274,PACENOTE,ADDITIONAL,VERY_LONG,Very Long,verylong1.ogg
275,PACENOTE,ADDITIONAL,NA_VERY_SHORT,Very Short (N/A),very_short.ogg
277,PACENOTE,CAUTIONS,NIU_SLIPPY,Slippy (NIU),slippy1.ogg
291,PACENOTE,SURFACE,DIRTY,Shit,shit1.ogg
292,PACENOTE,OBSTACLES,NIU_BUMPY,Bumps (NIU),bumps1.ogg
293,PACENOTE,ADDITIONAL,CRAMPED,Cramped,cramped1.ogg
294,PACENOTE,ADJECTIVES,NA_POSITIVE,Positive (N/A),positive.ogg
295,PACENOTE,ADJECTIVES,NA_NEGATIVE,Negative (N/A),negative.ogg
298,PACENOTE,ADJECTIVES,OPENS,Opens,opens1.ogg
299,PACENOTE,CAUTIONS,FAKES,Deceptive,deceptive1.ogg
300,PACENOTE,OBSTACLES,BUMPS,Bumps,bumps1.ogg
301,PACENOTE,ADDITIONAL,HIDDEN,Unseen,unseen1.ogg
302,PACENOTE,ADDITIONAL,NIU_BLIND,Unseen (NIU),unseen1.ogg
303,PACENOTE,CAUTIONS,DOUBLE_CAUTION,Double Caution,double_caution1.ogg
304,PACENOTE,CAUTIONS,NA_TRIPLE_CAUTION,Triple Caution (N/A),double_caution1.ogg
320,PACENOTE,SURFACE,GRAVEL,Gravel,gravel1.ogg
321,PACENOTE,SURFACE,TARMAC,Tarmac,tarmac1.ogg
322,PACENOTE,SURFACE,CONCRETE,Concrete,concrete1.ogg
323,PACENOTE,SURFACE,COBBLES,Cobbles,cobbles1.ogg
324,PACENOTE,SURFACE,NA_GRIT,Grit (N/A),grit.ogg
325,PACENOTE,SURFACE,SNOW,Snow,snow1.ogg
326,PACENOTE,SURFACE,NA_ONSPLIT,On Split (N/A),onsplit.ogg
327,PACENOTE,SURFACE,ICY,Icy,icy1.ogg
328,PACENOTE,SURFACE,NA_RUBBLE,Rubble (N/A),rubble.ogg
329,PACENOTE,SURFACE,NIU_ICE,Icy (NIU),icy1.ogg
330,PACENOTE,SURFACE,NA_LOOSE_GRAVEL,Loose Gravel (N/A),loose_gravel.ogg
340,PACENOTE,OBSTACLES,CREST,Crest,crest1.ogg
342,PACENOTE,ADDITIONAL,CAMBER,Camber,camber1.ogg
343,PACENOTE,ADDITIONAL,NIU_REVERSE_CAMBER,Bad Camber (NIU),WC1.ogg
344,PACENOTE,OBSTACLES,HOLE,Hole,hole1.ogg
345,PACENOTE,OBSTACLES,RUTS,Ruts,ruts1.ogg
346,PACENOTE,OBSTACLES,DEEPRUTS,Deep Ruts,deep_ruts1.ogg
347,PACENOTE,CAUTIONS,NA_BORDER,Border (N/A),border.ogg
348,PACENOTE,CAUTIONS,NA_EDGE,Edge (N/A),edge.ogg
349,PACENOTE,CAUTIONS,NA_CURB,Curb (N/A),curb.ogg
350,PACENOTE,CAUTIONS,NA_DITCH,Ditch (N/A),ditch.ogg
351,PACENOTE,ADDITIONAL,JUNCTION,Junction,junction1.ogg
353,PACENOTE,ADDITIONAL,TURN,Turn,turn1.ogg
354,PACENOTE,OBSTACLES,NIU_STEEP_DROP,Drops (NIU),drops1.ogg
355,PACENOTE,ADDITIONAL,BADCAMBER,Bad Camber,badcamber1.ogg
356,PACENOTE,CAUTIONS,NA_SHOULDER,Shoulder (N/A),shoulder.ogg
357,PACENOTE,CAUTIONS,NA_STEEP_HILL,Steep Hill (N/A),steep_hill.ogg
358,PACENOTE,CAUTIONS,NA_STEEP_INCLINE,Steep Incline (N/A),steep_incline.ogg
359,PACENOTE,CAUTIONS,NA_STEEP_SLOPE,Steep Slope (N/A),steep_slope.ogg
361,PACENOTE,OBSTACLES,DIP,Dip,dip1.ogg
362,PACENOTE,OBSTACLES,DROPS,Drops,drops1.ogg
367,PACENOTE,ADDITIONAL,NIU_NEGATIVE_CAMBER,Bad Camber (NIU),badcamber1.ogg
368,PACENOTE,ADDITIONAL,NIU_POSITIVE_CAMBER,Camber (NIU),camber1.ogg
369,PACENOTE,OBSTACLES,NIU_COMPRESSION,Dip (NIU),dip1.ogg
370,PACENOTE,CONSTRUCTION,NA_FENCE,Fence (N/A),fence.ogg
371,PACENOTE,CONSTRUCTION,NA_WALL,Wall (N/A),wall.ogg
372,PACENOTE,CONSTRUCTION,NA_HOUSE,House (N/A),house.ogg
373,PACENOTE,OBSTACLES,NA_TREE,Tree (N/A),tree.ogg
374,PACENOTE,OBSTACLES,NA_STUMP,Stump (N/A),stump.ogg
375,PACENOTE,CONSTRUCTION,NA_MAST,Mast (N/A),mast.ogg
376,PACENOTE,CONSTRUCTION,NIU_POST,Post (NIU),post1.ogg
377,PACENOTE,CONSTRUCTION,NA_ISLAND,Island (N/A),island.ogg
378,PACENOTE,CORNERS,CHICANE,Chicane,chicane1.ogg
379,PACENOTE,OBSTACLES,NA_STONE,Stone (N/A),stone.ogg
380,PACENOTE,OBSTACLES,NA_ROCK,Rock (N/A),rock.ogg
381,PACENOTE,OBSTACLES,TUNNEL,Tunnel,tunnel1.ogg
382,PACENOTE,CONSTRUCTION,NA_ROAD,Road (N/A),road.ogg
384,PACENOTE,OBSTACLES,RAILS,Rails,rails1.ogg
385,PACENOTE,OBSTACLES,NA_SIGN,Sign (N/A),sign.ogg
386,PACENOTE,OBSTACLES,NA_BUSH,Bush (N/A),bush.ogg
387,PACENOTE,CONSTRUCTION,NA_PATH,Path (N/A),path.ogg
388,PACENOTE,OBSTACLES,NIU_WATER,Water (NIU),water1.ogg
389,PACENOTE,OBSTACLES,NIU_PUDDLE,Water (NIU),water1.ogg
390,PACENOTE,OBSTACLES,NA_NETTING,Netting (N/A),netting.ogg
391,PACENOTE,OBSTACLES,NA_TAPE,Tape (N/A),tape.ogg
392,PACENOTE,CORNERS,LEFT_ENTRY_CHICANE,Chicane Left Entry,chicane_left_entry1.ogg
393,PACENOTE,CORNERS,RIGHT_ENTRY_CHICANE,Chicane Right Entry,chicane_right_entry1.ogg
394,PACENOTE,OBSTACLES,NA_TYRES,Tyres (N/A),tyres.ogg
395,PACENOTE,OBSTACLES,NA_SPECTATORS,Spectators (N/A),spectators.ogg
396,PACENOTE,OBSTACLES,NA_MARSHALLS,Marshalls (N/A),marshalls.ogg
397,PACENOTE,OBSTACLES,NA_BARRELS,Barrels (N/A),barrels.ogg
399,PACENOTE,CONSTRUCTION,NA_ROUNDABOUT,Roundabout (N/A),roundabout.ogg
400,PACENOTE,PREPOSITIONS,NA_THROUGH,Through (N/A),through.ogg
401,PACENOTE,PREPOSITIONS,NA_AFTER,After (N/A),after.ogg
402,PACENOTE,PREPOSITIONS,NA_NEAR,Near (N/A),near.ogg
403,PACENOTE,PREPOSITIONS,NA_ON,On (N/A),on.ogg
404,PACENOTE,PREPOSITIONS,NA_UNTIL,Until (N/A),until.ogg
405,PACENOTE,PREPOSITIONS,NA_AT,At (N/A),at.ogg
406,PACENOTE,PREPOSITIONS,NA_BEFORE,Before (N/A),before.ogg
407,PACENOTE,PREPOSITIONS,NA_OVER,Over (N/A),over.ogg
408,PACENOTE,ADDITIONAL,NIU_IN,In (NIU),in1.ogg
409,PACENOTE,PREPOSITIONS,NA_BEHIND,Behind (N/A),behind.ogg
410,PACENOTE,PREPOSITIONS,NA_FOR,For (N/A),for.ogg
411,PACENOTE,ADDITIONAL,INSIDE,In,in1.ogg
412,PACENOTE,ADDITIONAL,OUTSIDE,Out,out1.ogg
413,PACENOTE,PREPOSITIONS,NA_THEN,Then (N/A),then.ogg
414,PACENOTE,PREPOSITIONS,NA_OFF,Off (N/A),off.ogg
430,PACENOTE,LINKS,DONE,Done,finish1.ogg
431,PACENOTE,DRIVING,STOP,Stop,stop1.ogg
432,PACENOTE,LINE,LINE_NOTE,Line,line1.ogg
435,PACENOTE,LINKS,NEXT_LAP,Onto Next Lap,onto_nextlap1.ogg
436,PACENOTE,LINKS,TAKE_EXIT,Onto Finish,onto_finish1.ogg
443,PACENOTE,CONSTRUCTION,NA_WOODEN_FENCE,Wooden Fence (N/A),wooden_fence.ogg
540,PACENOTE,SURFACE,ONTO_GRAVEL,Onto Gravel,onto_gravel1.ogg
541,PACENOTE,SURFACE,ONTO_TARMAC,Onto Tarmac,onto_tarmac1.ogg
542,PACENOTE,SURFACE,ONTO_CONCRETE,Onto Concrete,onto_concrete1.ogg
543,PACENOTE,SURFACE,ONTO_COBBLES,Onto Cobbles,onto_cobbles1.ogg
544,PACENOTE,SURFACE,NA_ONTO_GRIT,Onto Grit (N/A),onto_grit.ogg
545,PACENOTE,SURFACE,ONTO_SNOW,Onto Snow,onto_snow1.ogg
549,PACENOTE,LINE,NIU_HOLD,Hold (NIU),keep_in1.ogg
550,PACENOTE,DRIVING,NA_TAKE_SPEED,Take Speed (N/A),take_speed.ogg
551,PACENOTE,DRIVING,L_FOOT_BRAKING,Dab,dab1.ogg
555,PACENOTE,LINE,NA_TO_SIGHT_DISTANCE,To Sight Distance (N/A),to_sight_distance.ogg
556,PACENOTE,LINKS,SPLIT_TIME,Split Time,split_time.ogg
557,PACENOTE,PREPOSITIONS,ENTRY,At Entry,at_entry1.ogg
2001,PACENOTE,ADJECTIVES,TIGHTENSTOSIX,Tightens 6,tightens_six1.ogg
2002,PACENOTE,ADJECTIVES,TIGHTENSTOFIVE,Tightens 5,tightens_five1.ogg
2003,PACENOTE,ADJECTIVES,TIGHTENSTOFOUR,Tightens 4,tightens_four1.ogg
2004,PACENOTE,ADJECTIVES,TIGHTENSTOTHREE,Tightens 3,tightens_three1.ogg
2005,PACENOTE,ADJECTIVES,TIGHTENSTOTWO,Tightens 2,tightens_two1.ogg
2006,PACENOTE,ADJECTIVES,TIGHTENSTOONE,Tightens 1,tightens_one1.ogg
2007,PACENOTE,ADJECTIVES,TIGHTENSTOHP,Tightens Hairpin,tightens_hp1.ogg
2008,PACENOTE,ADJECTIVES,TOSIX,_6,_six1.ogg
2009,PACENOTE,ADJECTIVES,TOFIVE,_5,_five1.ogg
2010,PACENOTE,ADJECTIVES,TOFOUR,_4,_four1.ogg
2011,PACENOTE,ADJECTIVES,TOTHREE,_3,_three1.ogg
2012,PACENOTE,ADJECTIVES,TOTWO,_2,_two1.ogg
2013,PACENOTE,ADJECTIVES,TOONE,_1,_one1.ogg
2014,PACENOTE,ADJECTIVES,TOHP,_Hairpin,_hp1.ogg
2015,PACENOTE,ADJECTIVES,TIGHTENSLATE,Tightens Late,tightens_late1.ogg
2016,PACENOTE,LINE,DONTCUTEARLY,Don't Early,dont_early1.ogg
2017,PACENOTE,LINE,DONTCUTLATE,Don't Late,dont_late1.ogg
2018,PACENOTE,ADJECTIVES,OPENSTIGHTENS,Opens Tightens,opens_tightens1.ogg
2019,PACENOTE,ADJECTIVES,TIGHTENSOPENS,Tightens Opens,tightens_opens1.ogg
2020,PACENOTE,LINE,NIU_HANG,,keep_out1.ogg
2021,PACENOTE,CAUTIONS,CAREIN,Care In,care_in1.ogg
2022,PACENOTE,CAUTIONS,CAREOUT,Care Out,care_out1.ogg
2023,PACENOTE,LINE,NIU_HAE,Hae (NIU),line1.ogg
2024,PACENOTE,OBSTACLES,TODIP,To Dip,to_dip1.ogg
2025,PACENOTE,LINKS,NIU_JATKUU,And (NIU),and1.ogg
2026,PACENOTE,CORNERS,FLAT_SCALE,Flat,flat_scale1.ogg
2027,PACENOTE,ADJECTIVES,TIGHTENSTOACUTE,Tightens Acute,tightens_acute1.ogg
2028,PACENOTE,ADJECTIVES,TOACUTE,_Acute,_acute1.ogg
2029,PACENOTE,OBSTACLES,CONTINUESOVERCREST,Continues Over Crest,continues_over_crest1.ogg
2030,PACENOTE,LINKS,IMMEDIATE,Immediate,immediate1.ogg
2031,PACENOTE,ADJECTIVES,NIPS,Nips,nips1.ogg
2032,PACENOTE,ADJECTIVES,OPENSLITTLE,Opens A Bit,opens_abit1.ogg
2033,PACENOTE,ADJECTIVES,OPENSLONG,Opens Long,opens_long1.ogg
2034,PACENOTE,ADJECTIVES,OPENSVERYLONG,Opens Very Long,opens_verylong1.ogg
2035,PACENOTE,ADJECTIVES,OPENSEARLY,Opens Early,opens_early1.ogg
2036,PACENOTE,ADJECTIVES,OPENSATJUNCTION,Opens At Junction,opens_at_junction1.ogg
2037,PACENOTE,ADJECTIVES,OPENSOVERCREST,Opens Over Crest,opens_overcrest1.ogg
2038,PACENOTE,ADDITIONAL,SCALEPLUS,Scale Plus,scale_plus1.ogg
2039,PACENOTE,ADDITIONAL,SCALEMINUS,Scale Minus,scale_minus1.ogg
2040,PACENOTE,CORNERS,ACUTE_LEFT,Acute Left,acute_left1.ogg
2041,PACENOTE,CORNERS,ACUTE_RIGHT,Acute Right,acute_right1.ogg
2042,PACENOTE,ADJECTIVES,TIGHTENSEARLY,Tightens Early,tightens_early1.ogg
2043,PACENOTE,ADJECTIVES,TIGHTENSLITTLE,Tightens A Bit,tightens_abit1.ogg
2044,PACENOTE,ADJECTIVES,TIGHTENSLONG,Tightens Long,tightens_long1.ogg
2045,PACENOTE,ADJECTIVES,TIGHTENSVERYLONG,Tightens Very Long,tightens_verylong1.ogg
2046,PACENOTE,ADJECTIVES,TIGHTENSATJUNCTION,Tightens At Junction,tightens_at_junction1.ogg
2047,PACENOTE,ADJECTIVES,TIGHTENSOVERCREST,Tightens Over Crest,tightens_overcrest1.ogg
2048,PACENOTE,DRIVING,WALK,Walk,walk1.ogg
2049,PACENOTE,DRIVING,NEAT,Neat,neat1.ogg
2050,PACENOTE,CORNERS,FLATRIGHTMINUS,6 Right+,six_right_plus1.ogg
2051,PACENOTE,CORNERS,QUICKRIGHT,5 Right+,five_right_plus1.ogg
2052,PACENOTE,CORNERS,EMRIGHT,4 Right+,four_right_plus1.ogg
2053,PACENOTE,CORNERS,PLUSRIGHT,3 Right+,three_right_plus1.ogg
2054,PACENOTE,CORNERS,MINUSRIGHT,1 Right+,one_right_plus1.ogg
2055,PACENOTE,CORNERS,VERYSLOWRIGHT,Hairpin Right+,hp_right_plus1.ogg
2056,PACENOTE,CORNERS,FLATLEFTMINUS,6 Left+,six_left_plus1.ogg
2057,PACENOTE,CORNERS,QUICKLEFT,5 Left+,five_left_plus1.ogg
2058,PACENOTE,CORNERS,EMLEFT,4 Left+,four_left_plus1.ogg
2059,PACENOTE,CORNERS,PLUSLEFT,3 Left+,three_left_plus1.ogg
2060,PACENOTE,CORNERS,MINUSLEFT,1 Left+,one_left_plus1.ogg
2061,PACENOTE,CORNERS,VERYSLOWLEFT,Hairpin Left+,hp_left_plus1.ogg
2062,PACENOTE,ADJECTIVES,TIGHTENSTOFLATMINUS,Tightens 6+,tightens_six_plus1.ogg
2063,PACENOTE,ADJECTIVES,TIGHTENSTOQUICK,Tightens 5+,tightens_five_plus1.ogg
2064,PACENOTE,ADJECTIVES,TIGHTENSTOEM,Tightens 4+,tightens_four_plus1.ogg
2065,PACENOTE,ADJECTIVES,TIGHTENSTOPLUS,Tightens 3+,tightens_three_plus1.ogg
2066,PACENOTE,ADJECTIVES,TIGHTENSTOMINUS,Tightens 1+,tightens_one_plus1.ogg
2067,PACENOTE,ADJECTIVES,TIGHTENSTOVERYSLOW,Tightens Hairpin+,tightens_hp_plus1.ogg
2068,PACENOTE,ADJECTIVES,TOFLATMINUS,_6+,_six_plus1.ogg
2069,PACENOTE,ADJECTIVES,TOQUICK,_5+,_five_plus1.ogg
2070,PACENOTE,ADJECTIVES,TOEM,_4+,_four_plus1.ogg
2071,PACENOTE,ADJECTIVES,TOPLUS,_3+,_three_plus1.ogg
2072,PACENOTE,ADJECTIVES,TOMINUS,_1+,_one_plus1.ogg
2073,PACENOTE,ADJECTIVES,TOVERYSLOW,_Hairpin+,_hp_plus1.ogg
2074,PACENOTE,CORNERS,FLATMINUS_SCALE,6+,six_plus_scale1.ogg
2075,PACENOTE,CORNERS,EASY_SCALE,6,six_scale1.ogg
2076,PACENOTE,CORNERS,QUICK_SCALE,5+,five_plus_scale1.ogg
2077,PACENOTE,CORNERS,FAST_SCALE,5,five_scale1.ogg
2078,PACENOTE,CORNERS,EM_SCALE,4+,four_plus_scale1.ogg
2079,PACENOTE,CORNERS,PLUS_SCALE,3+,three_plus_scale1.ogg
2080,PACENOTE,CORNERS,K_SCALE,3,three_scale1.ogg
2081,PACENOTE,CORNERS,SQUARE_SCALE,2,two_scale1.ogg
2082,PACENOTE,CORNERS,MINUS_SCALE,1+,one_plus_scale1.ogg
2083,PACENOTE,CORNERS,SLOW_SCALE,1,one_scale1.ogg
2084,PACENOTE,CORNERS,VERYSLOW_SCALE,Hairpin+,hp_plus_scale1.ogg
2085,PACENOTE,ADDITIONAL,REMEMBER,Remember,remember1.ogg
2086,PACENOTE,ADDITIONAL,PATIENT,Patient,patient1.ogg
2087,PACENOTE,OBSTACLES,SMALL_JUMP,Small Jump,small_jump1.ogg
2088,PACENOTE,OBSTACLES,OVER_BIG_JUMP,Over Big Jump,over_big_jump1.ogg
2089,PACENOTE,OBSTACLES,CONTINUESOVERSMALLCREST,Continues Over Small Crest,continues_over_small_crest1.ogg
2090,PACENOTE,OBSTACLES,LONGCREST,Long Crest,long_crest1.ogg
2091,PACENOTE,OBSTACLES,RUT,Rut,rut1.ogg
2092,PACENOTE,OBSTACLES,TO_BUMP,(Jump) To Bump,to_bump1.ogg
2093,PACENOTE,LINE,TWISTY_FROMLEFT,Twisty From Left,twisty_from_left1.ogg
2094,PACENOTE,LINE,TWISTY_FROMRIGHT,Twisty From Right,twisty_from_right1.ogg
2095,PACENOTE,LINE,DONTBLOCK,Post,post1.ogg
2096,PACENOTE,LINE,GRIP_MIDDLE,Grip Middle,grip_middle1.ogg
2097,PACENOTE,LINE,GRIP_IN,Grip In,grip_in1.ogg
2098,PACENOTE,LINE,GRIP_OUT,Grip Out,grip_out1.ogg
2099,PACENOTE,LINE,GO_ROUND,Go Round,go_round1.ogg
2100,PACENOTE,LINE,FROM_LEFT,From Left,from_left1.ogg
2101,PACENOTE,LINE,FROM_RIGHT,From Right,from_right1.ogg
2102,PACENOTE,ADDITIONAL,DOUBLE,Double,double1.ogg
2103,PACENOTE,ADDITIONAL,HALF_LONG,Halflong,halflong1.ogg
2104,PACENOTE,ADJECTIVES,NIU_LOIVA_ALKU,Late (NIU),late1.ogg
2105,PACENOTE,LINKS,TO_FINISH,To Finish,tofinish1.ogg
2106,PACENOTE,OBSTACLES,FLAT_JUMP,Flat Jump,flat_jump1.ogg
2107,PACENOTE,OBSTACLES,JUMP_DAB,Jump Dab,jump_dab1.ogg
2108,PACENOTE,OBSTACLES,OVER_JUMP,Over Jump,over_jump1.ogg
2109,PACENOTE,OBSTACLES,SMALL_CREST,Small Crest,small_crest1.ogg
2110,PACENOTE,LINKS,DIST21,21,21_1.ogg
2111,PACENOTE,LINKS,DIST31,31,31_1.ogg
2112,PACENOTE,LINKS,DIST41,41,41_1.ogg
2113,PACENOTE,LINKS,DIST51,51,51_1.ogg
2114,PACENOTE,LINKS,DIST61,61,61_1.ogg
2115,PACENOTE,LINKS,DIST71,71,71_1.ogg
2116,PACENOTE,LINKS,DIST81,81,81_1.ogg
2117,PACENOTE,LINKS,DIST101,101,101_1.ogg
2118,PACENOTE,LINKS,DIST121,121,121_1.ogg
2119,PACENOTE,LINKS,DIST141,141,141_1.ogg
2120,PACENOTE,LINKS,DIST151,151,151_1.ogg
2121,PACENOTE,LINKS,DIST161,161,161_1.ogg
2122,PACENOTE,LINKS,DIST181,181,181_1.ogg
2123,PACENOTE,LINKS,DIST201,201,201_1.ogg
2124,PACENOTE,LINKS,DIST251,251,251_1.ogg
2125,PACENOTE,LINKS,DIST301,301,301_1.ogg
2126,PACENOTE,LINKS,DIST351,351,351_1.ogg
2127,PACENOTE,LINKS,DIST401,401,401_1.ogg
2128,PACENOTE,LINKS,DIST451,451,451_1.ogg
2129,PACENOTE,LINKS,DIST501,501,501_1.ogg
2130,PACENOTE,LINKS,DIST601,601,601_1.ogg
2131,PACENOTE,LINKS,DIST701,701,701_1.ogg
2132,PACENOTE,LINKS,DIST801,801,801_1.ogg
2133,PACENOTE,LINKS,DIST901,901,901_1.ogg
2134,PACENOTE,LINKS,DIST1001,1001,1001_1.ogg
2135,PACENOTE,CONSTRUCTION,BALE_IN,Bale In,bale_in1.ogg
2136,PACENOTE,CONSTRUCTION,BALE_OUT,Bale Out,bale_out1.ogg
2137,PACENOTE,CONSTRUCTION,TIRES_IN,Tires In,tires_in1.ogg
2138,PACENOTE,CONSTRUCTION,TIRES_OUT,Tires Out,tires_out1.ogg
2139,PACENOTE,CONSTRUCTION,ROCK_IN,Stone In,rock_in1.ogg
2140,PACENOTE,CONSTRUCTION,ROCK_OUT,Stone Out,rock_out1.ogg
2141,PACENOTE,CONSTRUCTION,FENCE_IN,Fence In,fence_in1.ogg
2142,PACENOTE,CONSTRUCTION,FENCE_OUT,Fence Out,fence_out1.ogg
2143,PACENOTE,CONSTRUCTION,TREE_IN,Tree In,tree_in1.ogg
2144,PACENOTE,CONSTRUCTION,TREE_OUT,Tree Out,tree_out1.ogg
2145,PACENOTE,CONSTRUCTION,DITCH_IN,Ditch In,ditch_in1.ogg
2146,PACENOTE,CONSTRUCTION,DITCH_OUT,Ditch Out,ditch_out1.ogg
2147,PACENOTE,CONSTRUCTION,DROP_IN,Drop In,drop_in1.ogg
2148,PACENOTE,CONSTRUCTION,DROP_OUT,Drop Out,drop_out1.ogg
2149,PACENOTE,CONSTRUCTION,HOUSE_IN,House In,house_in1.ogg
2150,PACENOTE,CONSTRUCTION,HOUSE_OUT,House Out,house_out1.ogg
2151,PACENOTE,CONSTRUCTION,NIU_BARRIER_IN,Fence In (NIU),fence_in1.ogg
2152,PACENOTE,CONSTRUCTION,NIU_BARRIER_OUT,Fence Out (NIU),fence_out1.ogg
2153,PACENOTE,CONSTRUCTION,SIGN_IN,Sign In,sign_in1.ogg
2154,PACENOTE,CONSTRUCTION,SIGN_OUT,Sign Out,sign_out1.ogg
2155,PACENOTE,CONSTRUCTION,POST_IN,Post In,post_in1.ogg
2156,PACENOTE,CONSTRUCTION,POST_OUT,Post Out,post_out1.ogg
2157,PACENOTE,CONSTRUCTION,LOG_IN,Log In,log_in1.ogg
2158,PACENOTE,CONSTRUCTION,LOG_OUT,Log Out,log_out1.ogg
2159,PACENOTE,LINE,CUT_THROUGH,Cut Through,cut_through1.ogg
2160,PACENOTE,PREPOSITIONS,AT_TREE,At Tree,at_tree1.ogg
2161,PACENOTE,PREPOSITIONS,AT_TREES,At Trees,at_trees1.ogg
2162,PACENOTE,PREPOSITIONS,AT_BALE,At Bale,at_bale1.ogg
2163,PACENOTE,PREPOSITIONS,AT_ROCK,At Rock,at_rock1.ogg
2164,PACENOTE,PREPOSITIONS,AT_GUARDRAIL,At Guardrail,at_guardrail1.ogg
2165,PACENOTE,PREPOSITIONS,AT_BANNER,At Banner,at_banner1.ogg
2166,PACENOTE,PREPOSITIONS,AT_TAPE,At Tape,at_tape1.ogg
2167,PACENOTE,PREPOSITIONS,AT_FENCE,At Fence,at_fence1.ogg
2168,PACENOTE,PREPOSITIONS,AT_FLAG,At Flag,at_flag1.ogg
2169,PACENOTE,PREPOSITIONS,AT_HOUSE,At House,at_house1.ogg
2170,PACENOTE,PREPOSITIONS,AT_SIGN,At Sign,at_sign1.ogg
2171,PACENOTE,PREPOSITIONS,AT_POST,At Post,at_post1.ogg
2172,PACENOTE,PREPOSITIONS,AT_JUNCTION,At Junction,at_junction1.ogg
2173,PACENOTE,PREPOSITIONS,AT_CREST,At Crest,at_crest1.ogg
2174,PACENOTE,PREPOSITIONS,AT_GATE,At Gate,at_gate1.ogg
2175,PACENOTE,PREPOSITIONS,AT_BRIDGE,At Bridge,at_bridge1.ogg
2176,PACENOTE,CAUTIONS,BRAKE_INTO,Brake Into,brake_into1.ogg
2177,PACENOTE,CAUTIONS,BRAKE_AND,Brake And,brake_and1.ogg
2178,PACENOTE,CAUTIONS,BRAKE_20,Brake 20,brake_20_1.ogg
2179,PACENOTE,CAUTIONS,BRAKE_30,Brake 30,brake_30_1.ogg
2180,PACENOTE,CAUTIONS,BRAKE_40,Brake 40,brake_40_1.ogg
2181,PACENOTE,CAUTIONS,BRAKE_50,Brake 50,brake_50_1.ogg
2182,PACENOTE,CAUTIONS,SLIPPY_BRAKING,Slippy Braking,slippy_braking1.ogg
2183,PACENOTE,CAUTIONS,SLIPPY_ENTRY,Slippy Entry,slippy_entry1.ogg
2184,PACENOTE,CAUTIONS,SLIPPY_EXIT,Slippy Exit,slippy_exit1.ogg
2185,PACENOTE,ADDITIONAL,SUMPPU,Sumppu,sumppu1.ogg
2186,PACENOTE,ADDITIONAL,WIDENS,Widens,widens1.ogg
2187,PACENOTE,ADJECTIVES,TIGHTENSSUMPPU,Tightens Sumppu,tightens_sumppu1.ogg
2188,PACENOTE,OBSTACLES,JUMP_MAYBE,Jump Maybe,jump_maybe1.ogg
2189,PACENOTE,OBSTACLES,OVER_SMALL_JUMP,Over Small Jump,over_small_jump1.ogg
2190,PACENOTE,OBSTACLES,OVER_JUMP_DAB,Over Jump Dab,over_jump_dab1.ogg
2191,PACENOTE,OBSTACLES,OVERSMALLCREST,Over Small Crest,over_small_crest1.ogg
2192,PACENOTE,OBSTACLES,OVERLONGCREST,Over Long Crest,over_long_crest1.ogg
2193,PACENOTE,OBSTACLES,OVERTWOCRESTS,Over Two Crests,over_two_crests1.ogg
2194,PACENOTE,OBSTACLES,OVERTHREECRESTS,Over Three Crests,over_three_crests1.ogg
2195,PACENOTE,OBSTACLES,DOUBLECREST,Double Crest,double_crest1.ogg
2196,PACENOTE,OBSTACLES,DOUBLE_JUMP,Double Jump,double_jump1.ogg
2197,PACENOTE,LINE,ONTO_STRAIGHT,Onto Straight,onto_straight1.ogg
2198,PACENOTE,PREPOSITIONS,AT_EXIT,At Exit,at_exit1.ogg
2199,PACENOTE,PREPOSITIONS,AT_OPENING,At Opening,at_opening1.ogg
2200,PACENOTE,CONSTRUCTION,LOGS_IN,Logs In,logs_in1.ogg
2201,PACENOTE,CONSTRUCTION,LOGS_OUT,Logs Out,logs_out1.ogg
2202,PACENOTE,CORNERS,SHORT_LEFT,Short Left,short_left1.ogg
2203,PACENOTE,CORNERS,SHORT_RIGHT,Short Right,short_right1.ogg
2204,PACENOTE,CAUTIONS,SLIPPERY_MAYBE,Maybe Slippy,maybe_slippy1.ogg
2205,PACENOTE,CORNERS,DONUT_RIGHT,Donut Right,donut_right1.ogg
2206,PACENOTE,CORNERS,DONUT_LEFT,Donut Left,donut_left1.ogg
2207,PACENOTE,CORNERS,HP_SCALE,Hairpin,hp_scale1.ogg
2208,PACENOTE,CORNERS,ACUTE_SCALE,Acute,acute_scale1.ogg
2209,PACENOTE,ADDITIONAL,PAST_JUNCTION,Past Junction,past_junction1.ogg
2210,PACENOTE,OBSTACLES,ONTO_BRIDGE,Onto Bridge,onto_bridge1.ogg
2211,PACENOTE,OBSTACLES,NARROW_BRIDGE,Narrow Bridge,narrow_bridge1.ogg
2212,PACENOTE,OBSTACLES,ONTO_NARROW_BRIDGE,Onto Narrow Bridge,onto_narrow_bridge1.ogg
2213,PACENOTE,OBSTACLES,THROUGH_GATE,Through Gate,through_gate1.ogg
2214,PACENOTE,OBSTACLES,NARROW_GATE,Narrow Gate,narrow_gate1.ogg
2215,PACENOTE,OBSTACLES,THROUGH_NARROW_GATE,Through Narrow Gate,through_narrow_gate1.ogg
2216,PACENOTE,ADDITIONAL,EXTRAEXTRALONG,Very Very Long,veryverylong1.ogg
2217,PACENOTE,CAUTIONS,VERY_SLIPPY,Very Slippy,very_slippy1.ogg
2218,PACENOTE,PREPOSITIONS,AT_BUSH,At Bush,at_bush1.ogg
2219,PACENOTE,ADDITIONAL,BIG_SUMPPU,Big Sumppu,big_sumppu1.ogg
2220,PACENOTE,ADDITIONAL,SMALL_SUMPPU,Small Sumppu,small_sumppu1.ogg
2221,PACENOTE,ADDITIONAL,ONTO_NARROWER_ROAD,Onto Narrower,onto_narrower1.ogg
2222,PACENOTE,ADDITIONAL,ONTO_WIDER_ROAD,Onto Wider,onto_wider1.ogg
2223,PACENOTE,DRIVING,LIFT,Lift,lift1.ogg
2224,PACENOTE,LINKS,AGAIN,Again,again1.ogg
2225,PACENOTE,OBSTACLES,TO_CREST,To Crest,to_crest1.ogg
2226,PACENOTE,CORNERS,LEFT_OVER,Left Over_(dist.),left_over1.ogg
2227,PACENOTE,CORNERS,RIGHT_OVER,Right Over_(dist.),right_over1.ogg
2228,PACENOTE,CAUTIONS,PRECISE,Precise,precise1.ogg
2229,PACENOTE,LINE,STAY_OUT,Stay Out,stay_out1.ogg
2230,PACENOTE,CAUTIONS,BUMPY_BRAKING,Bumpy Braking,bumpy_braking1.ogg
2231,PACENOTE,OBSTACLES,OVER_NARROW_BRIDGE,Over Narrow Bridge,over_narrow_bridge1.ogg
2232,PACENOTE,SURFACE,GETS_ROUGHER,Gets Rougher,gets_rougher1.ogg
2233,PACENOTE,SURFACE,GETS_SMOOTHER,Gets Smoother,gets_smoother1.ogg
2234,PACENOTE,ADDITIONAL,GETS_FASTER,Gets Faster,gets_faster1.ogg
2235,PACENOTE,ADDITIONAL,GETS_SLOWER,Gets Slower,gets_slower1.ogg
2236,PACENOTE,SURFACE,SURFACE_CHANGE,Surface Change,surface_change1.ogg
2237,PACENOTE,OBSTACLES,BUMPS_OVER,Bumps Over_(dist.),bumps_over1.ogg
2238,PACENOTE,OBSTACLES,OVER_ROCKS,Over Rocks,over_rocks1.ogg
2239,PACENOTE,SURFACE,ONTO_FIELD,Onto Field,onto_field1.ogg
2240,PACENOTE,ADDITIONAL,FICKLE,Fickle,fickle1.ogg
2241,PACENOTE,OBSTACLES,TO_JUMP,To Jump,to_jump1.ogg
2242,PACENOTE,LINE,DOUBLE_DONT,Double Don't,double_dont1.ogg
2243,PACENOTE,LINE,TRIPLE_DONT,Triple Don't,triple_dont1.ogg
2244,PACENOTE,ADDITIONAL,IMPORTANT,Important,important1.ogg
2245,PACENOTE,OBSTACLES,CREST_TO_LEFT,Crest To Left,crest_to_left1.ogg
2246,PACENOTE,OBSTACLES,CREST_TO_RIGHT,Crest To Right,crest_to_right1.ogg
2247,PACENOTE,CORNERS,MEDIUM_SCALE,4,four_scale1.ogg
2248,PACENOTE,ADDITIONAL,FUCKINGLONG,Fucking Long,fuckinglong1.ogg
2249,PACENOTE,ADJECTIVES,TIGHTENSVERYVERYLONG,Tightens Very Very Long,tightens_veryverylong1.ogg
2250,PACENOTE,ADJECTIVES,TIGHTENSFUCKINGLONG,Tightens Fucking Long,tightens_fuckinglong1.ogg
2251,PACENOTE,ADJECTIVES,OPENSVERYVERYLONG,Opens Very Very Long,opens_veryverylong1.ogg
2252,PACENOTE,ADJECTIVES,OPENSFUCKINGLONG,Opens Fucking Long,opens_fuckinglong1.ogg
2253,PACENOTE,ADJECTIVES,TIGHTENSSHARP,Tightens Sharp,tightens_sharp1.ogg
2254,PACENOTE,ADJECTIVES,TIGHTENSROUND,Tightens Round,tightens_round1.ogg
2255,PACENOTE,ADJECTIVES,OPENSSHARP,Opens Sharp,opens_sharp1.ogg
2256,PACENOTE,ADJECTIVES,OPENSROUND,Opens Round,opens_round1.ogg
2257,PACENOTE,OBSTACLES,OVER_EARLY_CREST,Over Early Crest,over_early_crest1.ogg
2258,PACENOTE,OBSTACLES,OVER_LATE_CREST,Over Late Crest,over_late_crest1.ogg
2259,PACENOTE,CAUTIONS,BRAKE_10,Brake 10,brake_10_1.ogg
2260,PACENOTE,SURFACE,BLACK_ICE,Black Ice,black_ice1.ogg
2261,PACENOTE,PREPOSITIONS,AT_LOG,At Log,at_log1.ogg
2262,PACENOTE,CORNERS,SQUARE_RIGHT_PLUS,2 Right+,two_right_plus1.ogg
2263,PACENOTE,CORNERS,SQUARE_LEFT_PLUS,2 Left+,two_left_plus1.ogg
2264,PACENOTE,ADJECTIVES,TIGHTENSTOSQUARE_PLUS,Tightens 2+,tightens_two_plus1.ogg
2265,PACENOTE,ADJECTIVES,TOSQUARE_PLUS,_2+,_two_plus1.ogg
2266,PACENOTE,LINE,POST_EARLY,Post Early,post_early1.ogg
2267,PACENOTE,LINE,POST_LATE,Post Late,post_late1.ogg
2268,PACENOTE,LINE,POSTS,Posts,posts1.ogg
2269,PACENOTE,OBSTACLES,OVERCREST_NOLINK,Over Crest,over_crest1.ogg
2270,PACENOTE,CAUTIONS,CARE_NOLINK,Care,care1.ogg
2271,PACENOTE,CAUTIONS,CAUTION_NOLINK,Caution,caution1.ogg
2272,PACENOTE,CORNERS,SQUARE_PLUS_SCALE,2+,two_plus_scale1.ogg
2273,PACENOTE,LINE,LATE_CUT,Late Cut,late_cut1.ogg
2274,PACENOTE,PREPOSITIONS,AT_LOGS,At Logs,at_logs1.ogg
2275,PACENOTE,CAUTIONS,NIU_BRAKE_JATKUU,Brake And (NIU),brake_and1.ogg
2276,PACENOTE,ADDITIONAL,DEEP,Deep,deep1.ogg
2277,PACENOTE,ADDITIONAL,TRUST,Trust,trust1.ogg
2405,PACENOTE,LINE,LEFTISH,Leftish,leftish1.ogg
2406,PACENOTE,LINE,RIGHTISH,Rightish,rightish1.ogg
2501,PACENOTE,OBSTACLES,NIU_SMALL_CREST_FABZ,Small Crest (NIU),small_crest1.ogg
2503,PACENOTE,OBSTACLES,NIU_BROW,Crest (NIU),crest1.ogg
2507,PACENOTE,OBSTACLES,TWO_BALES,Two Bales,two_bales1.ogg
2508,PACENOTE,OBSTACLES,THREE_BALES,Three Bales,three_bales1.ogg
2509,PACENOTE,OBSTACLES,FOUR_BALES,Four Bales,four_bales1.ogg
2512,PACENOTE,OBSTACLES,LOGS,Logs,logs1.ogg
2515,PACENOTE,OBSTACLES,GATE,Gate,gate1.ogg
2516,PACENOTE,OBSTACLES,BIG_JUMP,Big Jump,big_jump1.ogg
2521,PACENOTE,OBSTACLES,BALES,Bales,bales1.ogg
2571,PACENOTE,SURFACE,SURFACE_NOTE,Surface,surface1.ogg
2600,PACENOTE,DRIVING,BE_BRAVE,Be Brave,be_brave1.ogg
2604,PACENOTE,CAUTIONS,NIU_WATCH,Precise (NIU),precise1.ogg
2611,PACENOTE,OBSTACLES,BALE,Bale,bale1.ogg
2615,PACENOTE,DRIVING,NIU_DAB,Dab (NIU),dab1.ogg
2622,PACENOTE,ADDITIONAL,TWO_PARTS,Two Parts,two_parts1.ogg
2623,PACENOTE,ADDITIONAL,THREE_PARTS,Three Parts,three_parts1.ogg
2624,PACENOTE,ADDITIONAL,FOUR_PARTS,Four Parts,four_parts1.ogg
2625,PACENOTE,ADDITIONAL,FIVE_PARTS,Five Parts,five_parts1.ogg
2626,PACENOTE,OBSTACLES,FIVE_BALES,Five Bales,five_bales1.ogg
9999,PACENOTE,CORNERS,LINE_CHANGE,,
